{
  "title": "Monk's Active Tile Triggers",
  "description": "Want to teleport, or open doors, or hide characters, or display a message, or play a sound, or change a token's elevation when a token walks over a tile... now you can",
  "version": "11.18",
  "authors": [
    {
      "name": "IronMonk",
      "discord": "ironmonk88#4075",
	  "flags": {
		  "github": "ironmonk88",
		  "patreon": "ironmonk",
		  "ko-fi": "ironmonk88"
	  }
    }
  ],
  "socket": true,
  "languages": [
    {
      "lang": "en",
      "name": "English",
      "path": "lang/en.json"
    },
    {
      "lang": "ja",
      "name": "日本語",
      "path": "lang/ja.json"
    },
    {
      "lang": "fr",
      "name": "Français",
      "path": "lang/fr.json"
    },
    {
      "lang": "pl",
      "name": "polski",
      "path": "lang/pl.json"
    }
  ],
  "packs": [
    {
      "name": "active-tile-macros",
      "label": "Active Tile Macros",
      "path": "packs/active-tile-macros.db",
      "type": "Macro",
      "private": false
    }
  ],
  "esmodules": [
    "monks-active-tiles.js",
    "settings.js"
  ],
  "scripts": [
    "js/jquery.typeahead.min.js"
  ],
  "styles": [
    "css/monks-active-tiles.css"
  ],
  "url": "https://github.com/ironmonk88/monks-active-tiles",
  "download": "https://github.com/ironmonk88/monks-active-tiles/archive/11.18.zip",
  "manifest": "https://github.com/ironmonk88/monks-active-tiles/releases/latest/download/module.json",
  "bugs": "https://github.com/ironmonk88/monks-active-tiles/issues",
  "allowBugReporter": true,
  "id": "monks-active-tiles",
  "compatibility": {
    "minimum": "11",
    "verified": "11"
  },
  "name": "monks-active-tiles",
  "minimumCoreVersion": "11",
  "compatibleCoreVersion": "11"
}